actor	run	subject	phase	decision	why	evidence	result
tpw-driver-0928	20260928-01a0e6d2	v2.0.5@2a3522a	P0	确认 v2.0.5 为本轮开工基线，三项检查全绿	后续每一处改动都要有一条可复核的起点；基线不钉住，之后的回归无法归因	git clone --shared 到 /tmp/tpw-v205b 并 checkout v2.0.5（2a3522a）后实跑：check-closure.py 合计 17 项通过 / 0 失败；check-consistency.py 7/7；render.py --check OK（12 个派生文件逐字一致）。另注：直接在 HEAD(1ba2be1) 跑 closure 是 16/17，唯一红项 C1「当前 commit 上没有 tag——打了 tag 之前不能算一个 release」	基线成立。读数时先看红项是不是 C1 这一条——任何未打 tag 的新 commit 都会让 closure 显示 1 红，那是发版状态不是回归
tpw-driver-0928	20260928-01a0e6d2	commit 1ba2be1 · skills/user-interface-engineering.md	P3	把 addy:frontend-ui-engineering 的处置从「并入 security-and-hardening」改判为「吸收进新建技能 user-interface-engineering」，并实际写出该技能（P3·builder·A6）	原处置只承诺「可访问性与安全加固部分并入验证」，但组件架构、状态选档、设计系统遵循、响应式、加载/空/错态、收尾闸门这些属于 P3 实现侧的内容在 security-and-hardening 里没有正文——声明了来源却没有承接方	git show --stat 1ba2be1：新建 skills/user-interface-engineering.md（100 行）、roles/builder.md +1、workflow/phases/P3.md 改 2 行；workflow/registry.yaml:744 一带处置行改为 {upstream: addy:frontend-ui-engineering, outcome: absorbed, into: user-interface-engineering}，security-and-hardening 的 sources 摘掉该上游	收尾闸门九条落在 skills/user-interface-engineering.md:60，逐条可勾。P5 的界面验证仍由 browser-testing 承担，本轮未重复认领
tpw-driver-0928	20260928-01a0e6d2	skills/user-interface-engineering.md:19,60,75,82	P3	在新技能里写死联动：done_definition 里没有界面完成判据就不许开工，闸门九条的结果进 A6.runnable、漏掉的进 A6.known_gaps	本项目第三次犯「声明了但没人产出」同一个病；判据、产出方、验证方必须同时有归属，否则新技能只是多一份没人读的文档	skills/user-interface-engineering.md:19（A4.done_definition 前置条件）、:60（收尾闸门九条）、:75（结果进 runnable）、:82（不许开工的硬联动）；验证侧归属由 browser-testing 承担	判据有归属（P4 冻结）、产出有归属（P3·builder）、验证有归属（P5·browser-testing）。这是本轮唯一一处「加东西的同时先问谁填、在哪个文件里写」的设计；前两次都是先加后补
tpw-driver-0928	20260928-01a0e6d2	skills/tdd.md · skills/context-reconstruction.md	P3	补 tdd.md 来源段漏列的 addy:test-driven-development，删 context-reconstruction.md 多列的 pstack:recall	前者注册表已登记但文件漏列，是 C10 双向咬合的漏侧；后者该上游已由独立技能 recall-context 认领、正文无对应内容，留着就是虚假来源声明	git show 1ba2be1 -- skills/tdd.md skills/context-reconstruction.md：两行各 ±1 行；workflow/registry.yaml:744 tdd 的 sources 为 [matt:tdd, pstack:tdd, addy:test-driven-development]	两处已与注册表对齐。但注入 skill-src-drift（技能文件多列一个注册表没有的上游）在 v2.0.5 上仍 ⚪ 全绿——这类漂移目前没有任何检查兜着
tpw-driver-0928	20260928-01a0e6d2	.pi/injection/suite.py（20 条注入）	P1	认定二审「21 项里只有 6 项可按声明信任」的核心指控在 v2.0.5 上基本仍成立，不是 v2.0.1 的旧账	二审针对的是 v2.0.1；只有把它的反例搬到 v2.0.5 上逐条实跑，才能分清「真修好了」与「只是换了版本号」	把 .pi/injection/{harness.py,suite.py} 的 SRC 指向带 tag 的 v2.0.5 clone（/tmp/tpw-v205b）实跑 20 条：16 条 ⚪ 全绿，只有 c13-no-prefix→C13、s5-unknown-output→C14、version-drift→C1、judge-undeclared→C4+C13 四条变红。即 v2.0.5 真正修好的只有 C1（核 tag）、C13（改显式 write/verify 声明）、C4 的一部分	结论成立。教训是「检查全绿」与「检查抓得住故障」在本项目里已经分开记过一次账，这次再记一次
tpw-driver-0928	20260928-01a0e6d2	workflow/registry.yaml A6.consumers vs P6.required_inputs	P1	记下 A6.consumers 漏 P6 为注册表真数据 bug（不是假检查），本轮待修	P6.required_inputs 明确含 A6、装配上确实要用 A6，但 A6.consumers 只写了 P4/P5——消费声明与实际装配对不上，下游按 consumers 判断谁会用 A6 会漏掉交付阶段	workflow/registry.yaml:135-141（A6 consumers: [P4, P5]）对 :322-326（P6 required_inputs: [A3,A4,A5,A6,A7,A8,A9]）；注入 c11-reverse（P3.required_inputs 加 A1 而 A1.consumers 不加 P3）在 v2.0.5 上 ⚪ 全绿，说明 C11 只查「声明的消费者都被阶段接住」，不查反向	待修。修数据时是否给 C11 补反向断言是另一个决定，不在本行范围内
tpw-driver-0928	20260928-01a0e6d2	scripts/check-closure.py 检查编号序列	P1	确认 C17 在 v2.0.2 收敛时退役且未留说明；新检查从 C19 起，不占 C17	编号空洞没有说明时，下一个写检查的人会把 C17 当成空位可用或当成编号写错，两种猜法都会让台账对不上	scripts/check-closure.py:581 是 C16，:592 直接跳到 C18，全文 grep 不到 C17；退役发生在 1c61d01（v2.0.2 收敛）	已告知 impl 新检查从 C19 起。本行只记「已退役」这个事实，退役原因至今无记录，属未知
tpw-driver-0928	20260928-01a0e6d2	run 20260928-01a0e6d2 · session 布局	P0	记录本轮 session 布局，以及两条硬边界在本轮的实际执行方式	前四栏里的 run 只有在布局稳定时才有意义；边界「怎么执行的」不写下来，下一轮只能从代码反推意图	driver 01a0e6d2-3ae6／investigator 01a0e6d8-d223／impl 01a0e6d8-c44d／verify 01a0e6d8-e2af／scribe 本会话／voice 01a0e6d8-fdcb／oracle 01a0e6d3	「verify 不得参与实现」靠 impl 与 verify 分属不同 session、verify 只回报判据红绿不回写代码来执行；「提出候选的人不得给这个候选下结论」靠二审反例由 investigator 实跑、本行只把复现结论记为 P1 取证而非由提出者裁定。两条都靠 session 分离执行，不靠自律声明。此处记的是 driver 陈述的执行方式，非我独立观察到的过程
tpw-driver-0928	20260928-01a0e6d2	.pi/injection/harness.py _fingerprint	P1	给故障注入台加整树 sha256 指纹断言：注入后指纹没变就拒绝出数	同一个病第六次，这次长在测量工具自己身上——8 条注入根本没改到任何文件（def f(d): append(path, text) 造出闭包却没调用它），而一个什么都没改的注入与「检查器漏报」在输出上一模一样	.pi/injection/harness.py:70 _fingerprint（对 .md/.yaml/.yml/.py/.sh/VERSION 取整树内容指纹）、:96-99 measure() 前后各取一次，相等即 raise「它测了个寂寞」；实测 python3 .pi/injection/suite.py 28 条全部通过该断言，无一条被拒；坏注入数 8 见 README.md:257 自述	该断言已生效。历史 8 条坏注入无法再复现——.pi/ 被 gitignore，旧 suite.py 没有留档，所以「8」这个数只能引 README 与口述，不能重跑验证
tpw-driver-0928	20260928-01a0e6d2	.pi/injection/harness.py CheckerCrashed	P1	给注入台加 CheckerCrashed：检查器非 0/1 退出码或输出含 Traceback 一律中止判定（exit 3）	崩掉的检查器不输出任何 [FAIL] 行，注入台于是把崩溃读成「基线全绿（0 项失败）」——这是同一个病的另一种形态：声明了一个测量，没人确认它真的跑起来了	.pi/injection/harness.py:46 CheckerCrashed、:51-57 _fails（returncode not in (0,1) 或输出含 Traceback 即 raise）；触发实例：把 upstream_dispositions.into 由标量改列表后 check-closure.py 抛 TypeError，旧台子报 0 项失败	已生效。这条把「工具报错」与「断言通过」在输出层彻底分开
tpw-driver-0928	20260928-01a0e6d2	v2.0.5→v2.0.6 故障注入起点数字更正	P1	更正测量起点：先前报的「4 抓 / 16 漏」与 Owner 复跑的「3 / 17」都不对，真实起点是 4 抓 / 16 绿、其中 8 条是坏注入	两个数字不一致时不能各取一个折中——必须回到坏注入这一层，因为坏注入在输出上与真漏报无法区分，折中会把测量错误藏起来	差额来自 .pi/injection/suite.py 里 8 条没改到文件的注入（见 _fingerprint 那一行）；两版数字都作废，本行以指纹断言加装后的实跑为准	起点作废，v2.0.6 收口数字见下一批 P5 行。教训：测量工具的缺陷会让它自己的读数不可信，先修工具再谈数据
tpw-driver-0928	20260928-01a0e6d2	scripts/ledger.sh:116-124 · docs/ledger.md	P3	把 A9 工具的 actor 取值中性化：只认 TPW_ACTOR，取不到落 unattributed:pid:<n>，不再读任何以具体工具命名的环境变量	D1 收紧边界后第一个撞上的是自己库里的真耦合——读一个叫「某个工作区管理器」或「某个 agent」的变量，在自称工具解耦的库里就是耦合；换名后静默失效，而静默失效在台账里长成「actor 栏全空」，没人会去查	scripts/ledger.sh:116 起注释写明「这里故意不读任何以具体工具命名的环境变量」，:124 actor="unattributed:pid:99260"；注入 d1-ledger-env（往 ledger.sh 塞 HERDR_AGENT 读法）现被 D1 抓住	已中性化，**没有加白名单豁免**。取不到 actor 时落可见的 unattributed 而非空栏，是让「没注入」这件事本身可被审计
tpw-driver-0928	20260928-01a0e6d2	workflow/registry.yaml upstream_dispositions.into · C10	P3	把 81 条处置的 into 全量转为列表，并把 7 条补成两元素；同时改正我给 impl 的规格：原写「into 唯一指向」，错，应为「into 列表必须包含该目标」	C10 反向断言第一次跑出的 7 条红不是数据错，是 schema 装不下——真实情况就是一个上游被吸收进两处（技能+技能、技能+原则），标量 into 表达不了	workflow/registry.yaml 81 条 into: [...]、7 条双元素：pstack:how、pstack:create-verification-skill、pstack:maintain-verification-skill、pstack:principle-model-the-domain、pstack:principle-build-the-lever、matt:handoff、addy:debugging-and-error-recovery；注入 c7-into-not-list 与 c10-into-drops-target 现分别被 C7、C10 抓住	schema 与数据都已改。**本行同时记一次我自己的错**：规格是我写错的，impl 按错规格实现时才会需要回来问
tpw-driver-0928	20260928-01a0e6d2	A6/A8/A9 的 embodiment 字段	P3	给 A6/A8/A9 的 embodiment 补上 @技能 id，使 9 条此前无处可归的产物形态各有归属	investigator 据 A6/A8/A9 一个 @技能id 都没有（而 A1–A5 都有）点出：功能开关、回退脚本、浏览器计划+截图、性能基线、依赖审计、值班清单、流水线自证、发布记录、设计草图这 9 类形态在契约里没有落点——这正是「产物不是文件，是字段+产出方+消费者」这句话在自己身上没落实	workflow/registry.yaml：A6 embodiment 8 处 @引用、A8 6 处、A9 3 处（如 A9 的 @document-mapping / @shipping-and-launch / @documentation-and-adrs）	已逐项归位。教训可复用：查「产物形态有没有落点」不用逐个读文件，数 embodiment 里的 @ 技能id 数量即可定位异常项
tpw-driver-0928	20260928-01a0e6d2	workflow/registry.yaml A8.rework · P5 判据	P3	补 A8.rework 回边（FAIL 回 P3），并写明 UNVERIFIED 不走返工边；同批给 P5 补判据：A6.subject 为空直接退回 P3，不许判 UNVERIFIED 了事	全库原先只有 A7 有 rework，A8=FAIL 的回边无条文，等于最关键的那次返工没有依据；而 UNVERIFIED 若混入返工边，会把「这层没验到」误当成「要退回重做」	workflow/registry.yaml:296-300（A8.rework 明写 UNVERIFIED 表示这一层没验到，处理方式是补环境或补授权后重跑 P5，不是退回重做）；两条返工边都注明「刻意不建成消费关系」以免破坏线性可达性检查	已补。P5 那条判据堵的是「用 UNVERIFIED 掩盖没做事」——空 subject 判 UNVERIFIED 等于把没验到说成验不了
tpw-driver-0928	20260928-01a0e6d2	scripts/check-consistency.py S4	P4	维持替换旧 S4 断言的结论，但更正我对旧逻辑的描述：不是「恒 0 匹配」，而是匹配 2 次且两次都 pass	结论（它保护不了任何东西）站得住，理由不站得住：旧逻辑判定结果只取决于字典序，而反向读法在干净数据上会误判也成立	命中的 driver 来自规则里的文件路径 roles/driver.md，不是角色被点名；结论照旧，换成两条结构性断言：硬规则只引用已定义 id + 实现—裁决—验证不共场（check-consistency.py:387 S4 段）	已替换。**本行更正的是我自己的证据表述，不是结论**——这类更正正是只追加台账存在的理由
tpw-driver-0928	20260928-01a0e6d2	A3/A8 改名 · provenance_policy 的 roles/scripts 段	P2	把两件本轮明确不做的事记成待办而不是悄悄不做：A3 改名「能力与术语地图」、A8 改名「验证包」暂缓；provenance_policy 的 roles/scripts 段落级映射未建，registry 里如实写 status: UNVERIFIED	按 oracle 判据，改名必须同时校准字段/owner/角色技能合同/派生视图，做不到就是半套；A3 的前置是先有 vocabulary 字段（@domain-modeling 的词汇表现在塞在 A3 里名不副实），A8 的前置是计划与缺口先有落点。provenance 那边不许降级冒充达成	workflow/registry.yaml:44-58 provenance_policy：target_granularity: paragraph，current 段 skills=file/enforced、principles=clause/enforced、roles=none/UNVERIFIED、scripts=none/UNVERIFIED，两条各带 gap 说明	两项挂起，gap 已写在契约里可被下一个人直接读到。**未验证的东西写 UNVERIFIED，不写「基本达成」**——这是本轮反复在守的同一条
tpw-driver-0928	20260928-01a0e6d2	verify 01a0e6d8-e2af 对 tag v2.0.6 的独立复审	P5	把 v2.0.6 交给独立 verify 复审：只给「审什么」和「怎么审」，不提供任何结论、方案或数字，并明确它不得把 impl 的报告当证据	硬边界 1「提出候选的人不得给这个候选下结论」要靠 session 分离才成立，不靠自律声明——本轮由 impl 提出候选、verify 下结论，driver 两者都不兼任	派出对象 tag v2.0.6 / commit 29a50e4，会话 01a0e6d8-e2af；派审指令中不含 impl 报告的结论与数字	复审结论尚未回收，本行只记派出方式。**此行由 driver 陈述，我未独立观察派审过程**；结论回来后应另起一行记，不要改这一行
tpw-driver-0928	20260928-01a0e6d2	tag v2.0.6 / commit 29a50e4 发布复验基线	P5	记录 v2.0.6 的发布复验基线：19/19 + 7/7 + render 12/12，故障注入 28 条 26 抓 / 0 漏 / 2 设计内不报	收口必须钉死「测于哪个 commit、什么工作树状态」；否则下一轮无法区分「新引入的回归」与「上一轮本来就红」	HEAD=29a50e4、tag v2.0.6、VERSION 2.0.6、工作树干净时实跑：check-closure.py 19/19 exit=0、check-consistency.py 7/7、render.py --check OK（12 个派生文件逐字一致）；git clone --branch v2.0.6 到 /tmp 空目录（upstreams/ 确认不存在）复跑仍 19/19 + 7/7 + render OK；python3 .pi/injection/suite.py 表头自报「测于 commit 29a50e4／tag ['v2.0.6']／工作树干净／基线全绿」，逐条 26 抓 0 漏 2 设计内（s4-role-body、role-contract-drift）；结构计数 产物 9／阶段 7／角色 9／原则 23／技能 51	基线成立。2 条设计内不报是明确标注的期望值不是漏报；注入台现在自带 tag/工作树状态表头，以后不必靠人记得写
tpw-driver-0928	20260928-01a0e6d2	README.md:261-267（本轮 scribe 自行发现，driver 清单外）	P1	记下 README.md 仍在教一件不会发生的事：称「现在有两项会 SKIP」且「在下游仓库里它们必须 SKIP」——与本轮已改正的两份冷启动文档是同一个错，README 是第三处未修残留	本轮把 docs/coldstart.md 改成实况是对的，但同一个假说法在 README 里原样留着；下一个读 README 的人拿到的仍是错误预期，这正是「检查器全绿不等于这套东西好用」的文档版本	v2.0.6 干净 clone（/tmp/tpw-v206，无 upstreams/）实跑：C7 与 C9 均为 [PASS]；check-closure.py 全文 skip=True 调用点 0 处，SKIP 分支不可达；README.md:263-267 仍写「现在有两项会 SKIP……在下游仓库里它们必须 SKIP」	**本轮未修**——收口已打 tag，改 README 会破坏「测于哪个 commit」的可复现性。挂为下一轮第一件事；建议照 coldstart.md 的现成改法同步过去
tpw-driver-0929	20260929-01a0e6d2	.pi/review-v3/REPORT-round3-verify.md · commit eaa8eb2（tag v2.0.6）	P5	记下 round-3 独立复审结论：不放行 UCBIP full-size 试运行（原话是「离放行很近」）；被审对象钉死 commit eaa8eb2，凡称「v2.0.6 已复审」必须指向该 commit，不指 tag 名	不放行不是因为结构塌了——二审诊断的病基本治好；是三条 P1 对外自称与实况不符，其中两条会主动误导试运行的执行者。先花半小时改掉比让试运行去撞它们便宜	报告 §0.1/§1/§2/§7：真实干净 clone（checkout eaa8eb2）上 render.py --check OK（12 个派生文件逐字一致）、check-closure.py 19 通过/0 失败/0 跳过、check-consistency.py 7/7，基线 PASS；29a50e4 只复验了基线 19/19+7/7+render 12/12，未做完整复审；报告未把 .pi/injection/REPORT-0928-impl.md 当证据	不放行。三条 P1 与「同一个病的第七次」四处（其中 C9 重叠）已分别记入本批后续行；本轮修复进行中
tpw-driver-0929	20260929-01a0e6d2	scripts/ledger.sh 临时目录闸（eaa8eb2 版）· docs/ledger.md	P5	确认 v2.0.6 的 A9「写临时目录→拒绝（退出码 3）」是假检查：闸只做 case 词面匹配（*/tmp/*、/tmp/*、/var/tmp/*、/private/tmp/*），不解析真实目标、也不认 TMPDIR；A9 是「全程记录不丢」的唯一载体	从别处出发、经软链指向 /tmp 的相对路径即可绕过；full-size 试运行极可能发生在临时工作区。旧闸还同时误报：目录名叫 tmp 但位置稳定的合法路径也被拒（review-v4 夹具 C17 标注为「修掉旧的词面误报」）	报告 §2.1/§3-5；scribe 实测（2026-09-28 20:25）：对 eaa8eb2 版脚本执行 cd 到非 /tmp 目录 + ln -s /tmp tmpalias + ledger.sh tmpalias/evil.tsv → exit 0、文件真落 /private/tmp；对工作树新版同形路径 → exit 3「拒绝写入临时目录」、文件不落盘；.pi/review-v4/evidence-baseline-red.txt：23 例回归夹具对 v2.0.6 基线 11 通过/12 失败，复现 TMPDIR 变体、末级软链、成环等全部绕过形状	复审判「未修」；e7f6de1 已派 impl-ledger。工作树 scripts/ledger.sh（20:17）已有按真实路径解析的未提交修复，且过 review-v4 的并发压力（10×100 与 3×150，均 0 丢行/0 重复表头/0 列错乱/0 重复 decision，20:23–20:27）。夹具对工作树新版的正式结论尚未见；docs/ledger.md 同批已补「临时目录判定」段与验证明细（工作树未提交，20:2x），收口前以工作树为准
tpw-driver-0929	20260929-01a0e6d2	README.md 三态/SKIP 段 · docs/coldstart.md:57 · skills/coldstart.md	P5	确认随 tag 发布的安装说明自相矛盾：README 教「下游 C7/C9 必须 SKIP」，两份 coldstart 与代码一致是「下游 PASS、SKIP 不可达（skip=True 全库 0 处调用）」；README 是最常被读的那份。这是我自己的一处错（自认第 2 处）——上一轮改了两份 coldstart 却漏了 README	下游按 README 装会去追一个不会发生的 SKIP 故障；登记待办不等于已修，而 README 是最常被读的那份	报告 §3-7/§6.1：README.md:248-255（eaa8eb2 行列号，29a50e4 加长后为 261-267）说相反口径；docs/coldstart.md:57 与 skills/coldstart.md:48,51,65,77,79 五处一致。e7f6de1 已把 README 三态段改为「那是 v2.0.5 之前的事／干净 clone 里是 PASS／通过范围更小」，当前 README:266-278	已改（e7f6de1，VERSION 未动、不打 tag）。scribe 核对时发现一处顺序问题：e7f6de1 的 README 已承诺「C1 无 git 元数据判 UNVERIFIED」「C9 输出自曝范围」，而对应实现截至本行仍是工作树未提交改动（check-closure.py 20:19）——收口时须与实现一起落盘，否则 README 又跑在代码前面
tpw-driver-0929	20260929-01a0e6d2	scripts/check-closure.py C9（eaa8eb2 版）· .gitignore:1	P5	确认 C9「来源真实存在（锁 + 实物对照）」的实物对照整段挂在 if (ROOT / "upstreams").is_dir() 内，而 upstreams/*/ 被 gitignore——干净 clone 与下游永远进不去；对外呈现的 PASS 实际是「只核锁文件」的绿灯（同病第七次之③）	A1/A2 是受控对照：同一处锁文件 sha256 篡改，树里有无 upstreams/ 决定红绿——这说明不是「测过了」，是「根本没测」	报告 §0.2/§4.2/§5-3：A1（干净 clone、篡改锁文件）全绿＝FAIL，A2（挂 upstreams/、同处篡改）C9 红＝PASS；eaa8eb2 版 C9 detail 在无 upstreams/ 时也只写「N 个上游 skill 索引（锁文件）」；.gitignore:1 = upstreams/*/	复审判「表面修好、实质降级」。工作树已有未提交修复（check-closure.py 20:19）：C9 改名「来源声明与锁文件一致（有实物时校验内容）」，无 upstreams/ 时 detail 自曝「未做上游实物 sha256/pin 对照」，pin 不完整判 UNVERIFIED（SKIP）；待收口复验
tpw-driver-0929	20260929-01a0e6d2	workflow/registry.yaml provenance_policy.principles · C21	P5	记下同病第七次之①：provenance_policy 声称 principles 为 clause/enforced、载体是原则「来源：」行，但此前没有任何检查器读它；注入「挂幽灵路径」「整行删掉」双双全绿	这份文档正是本轮回应「Owner 要求每一段话有来源」的交付物，而它核心承诺的一半挂在当时不存在的检查器上；roles/scripts 标 UNVERIFIED 是诚实的，principles 标 enforced 不是	报告 §5-1：C20 只管技能、C9 只核 registry.sources 与锁文件、C10 只管技能；注入 C1（幽灵来源）与 C2（删除来源行 9→8）全绿；报告 §7 把「语义忠实」列为不可机械核验	e7f6de1 把 enforced_by 指派给 C21 并派 impl-checkers；工作树 check-closure.py 已落地 C21（未提交，20:19）：原则「来源：」行反查出的上游 id 集合必须与 registry.sources 完全相等，拒幽灵/缺失/串线/重复，并区分吸收、借鉴、原创三形态；待收口复验
tpw-driver-0929	20260929-01a0e6d2	workflow/registry.yaml provenance_policy.status · C22	P5	记下同病第七次之②：provenance_policy 的 status 字段不可证伪——把 roles/scripts 从 UNVERIFIED 翻成 enforced，没有任何检查器会红	一个可以随时翻绿而不被发现的诚实性字段等于没有；它连「被检查」这件事本身都没有承载体	报告 §5-2/§7：注入 C3（status 翻转）全绿；结论来自静态证据「没有任何检查器 grep 到 provenance」	e7f6de1 已派 impl-checkers 实施 C22；工作树 check-closure.py 已落地 C22（未提交，20:19）：enforced 必须指到本次运行注册的检查项、且经 CHECK_COVERS 声明的载体类目与其一致，UNVERIFIED 必须带 owner+due，level 不得超可核上限；待收口复验
tpw-driver-0929	20260929-01a0e6d2	.pi/injection/harness.py 指纹护栏（eaa8eb2 版）	P5	记下同病第七次之④：自带注入台有一条造出假证据的路径——指纹护栏只证明「树变了」，不证明「缺陷引入了」；一条只 append 无害注释的注入会被判「✘ 漏报」，变成指控检查器缺陷的假证据	这正是它自己在注释里认领要治的第六次那个病，复发在测量工具自己身上；假漏报把测量错误伪装成产品缺陷	报告 §4.3(c)：noop 注入（只 append 一句无害注释）→ 整树指纹变了（护栏放行）、检查器新增红＝无、判定「✘ 漏报」；§5-4 同条	e7f6de1 已派 impl-harness 重写。工作树 .pi/injection/harness.py 20:22 已换为「注入台 v2」：每条注入自带 probe 自证缺陷落地（不成立判 UNVERIFIED，绝不记漏报）、被审对象钉死 commit、解析三态并比对检查项集合、合计行与明细对账、负对照、设计内不报必须指向真实「边界：」原文；旧版归档 .pi/injection/prev-r3/ 并留 MANIFEST.sha256；待收口复验
tpw-driver-0929	20260929-01a0e6d2	workflow/registry.yaml P6 A3 判据 · README.md:77 · e7f6de1	P4	记下我自己的一处错（自认第 1 处）：为消掉 P5/P6 的 A3 写权冲突，把 P6 里那条 A3 判据整条删了——冲突没了，但 A3.freshness 不再被任何判据门控（40 个产物字段只门控 19 个，21 个未门控，含 A8.scope），而 README 还写着「能力地图已保鲜」	用删判据的办法消冲突，等于把「谁负责、谁放行」的问题删掉；同一件事的两处声明（判据、README）只改一处，另一处就成假称	报告 §3-3/§6.4；oracle（gpt-6-sol high）Q3 选 (d) 不设独立保鲜门；e7f6de1：README 阶段表 P5 行改为「地图偏差记入 A8.frame_alignment」（当前 README:77），并加段写明代价「P6 绿不保证地图当轮是新的」；skills/verification-suite.md 头部与第 8 条的相反承诺一并改掉	已按 (d) 收口：A3.freshness 由 architect 在 P1 建/更新，P5 只填 A8.frame_alignment，不设独立门控、代价公开。21 个未门控字段属 C15 覆盖面问题（taught 是子串搜索，报告 §3-3/§6.6），本轮未派修，挂待办
tpw-driver-0929	20260929-01a0e6d2	tag v2.0.6 · 复审窗口	P5	记下我自己的一处操作失误（自认第 3 处）：复审期间把 tag v2.0.6 从 eaa8eb2 移到 29a50e4、又移回轻量 tag，导致 tag 名在复审窗口内不是稳定句柄；verify 因此把被测对象钉死在 commit eaa8eb2	tag 是交付里最常被引用的句柄，它在测量中途漂移等于被测对象换过一次；代价是所有「v2.0.6 已复审」的措辞都要改指 commit	报告 §0.1：15:35 轻量 tag→eaa8eb2；15:36 后变附注 tag→29a50e4；HEAD 随后到 8825b0e。scribe 实测（本批写入前）：当前 v2.0.6 为轻量 tag 指向 29a50e4（git for-each-ref refs/tags/v2.0.6 → commit 29a50e4）	不再移动 tag（再动即第二次漂移）；本轮 VERSION 未动、不打新 tag；引用一律写「commit eaa8eb2」（完整复审对象）或「v2.0.6@29a50e4，仅基线复验」
tpw-driver-0929	20260929-01a0e6d2	run 20260929-01a0e6d2 · session 布局与硬边界执行方式	P0	记录本轮资源与硬边界 1 的执行方式：driver＝MiniMax-M3.1-Flash-Preview（续用）；五个 worker 全换 commandcode DeepSeek v4.1 flash max；oracle 一名＝gpt-6-sol high，只做设计裁决、不参与实现；worker 提出候选→oracle 裁决→独立复审给放行结论，driver 三者不兼任	前四栏里的 run 只有在布局稳定时才有意义；边界「怎么执行的」不写下来，下一轮只能从代码反推意图	driver 本轮报文（A9·0929 轮开局）自述，旧的 0928 批已关；e7f6de1 的 oracle Q3/Q4 裁决落地与派单（impl-checkers／impl-ledger／impl-harness）可佐证分工；scribe 会话 PI_MODEL=deepseek/deepseek-v4.1-flash（commandcode）· PI_REASONING_LEVEL=max	本行记的是 driver 陈述的执行方式，非我独立观察到的过程。本轮先修三条 P1＋同病四处；VERSION 未动、不打 tag
tpw-driver-0929	20260929-01a0e6d2	.pi/review-v3/REPORT-round3-verify.md §6 · 工作树对应修复	P5	补记报告 §6 其余条目与工作树对应修复：§6.5 C12/C20「原创」两义矛盾→C20 加交叉断言（吸收形态不得标 origin: library，与 C12 计数对账）；§6.6 C15 taught 是子串搜索→C15 detail 增「边界：只验出现过、不验是否在教」；§6.7 三态装饰性、C1 把环境故障判 FAIL→C1 无 git 元数据判 UNVERIFIED，两个检查器 schema 统一带跳过栏；§6.8 consistency 合计行少一栏＋死代码→移除覆盖行、schema 对齐；§6.9 注入台测工作树不测 commit→harness v2 钉死 commit 并拒绝漂移；§6.10「设计内不报」易成垃圾桶→v2 要求指向真实「边界：」原文	driver 报文只摘了一部分，这些条目同样是本轮复核输入；报告 §6 明确不许空，漏记会让后面的人重新发现。§6.3 B4 类别仍未覆盖：把 roles/verifier.md 的「不更新 A3」注回成「由我更新 A3.freshness」，全套检查器零红——C13 已把边界写进输出，但注入仍然抓不到，待派	工作树 diff（20:18–20:22）：check-closure.py C20 交叉断言段、C15 边界段、C1 git_meta/skip；check-consistency.py Result 三态化与合计行加跳过栏、S4 边界段、删除 nfail 覆盖行；.pi/injection/harness.py v2 头部 1–8 条纪律；报告 §6.3–§6.10 原文	§6.5–§6.10 的对应修复均在工作树未提交，待收口复验；§6.3（B4 类）仍开放，未派修
tpw-0929-scribe	20260929-01a0e6d2	.decisions/ledger.tsv actor 栏核对（0929 轮续）· scripts/ledger.sh	P5	核对 A9 身份栏并定本批写法：31 行数据（提交至 8825b0e 的 20 行＋未提交 11 行）每行 8 栏；actor 仅两种形态——tpw-driver-0928×20、tpw-driver-0929×11，无 unattributed:pid:*、无工具名回退值、无空栏，形态一致、无未归因行。本批起 scribe 以自己的名字 tpw-0929-scribe 写（工具只认 TPW_ACTOR）	actor 契约本轮改为只认 TPW_ACTOR（旧版回退读 PI_AGENT_NAME／HERDR_AGENT），不核对就答不出「哪些行归因不准」。另有一个口径问题要摆上桌：11 行未提交行是上一轮 scribe 执笔、按 driver 报文指定的 tpw-driver-0929 写入——按「actor＝谁写的」口径，写入者与 actor 不同名。20 行已提交行的执笔者我无法从仓库判定	本轮实测（2026-09-28 20:3x）：wc -l=32（表头＋31 行数据）；awk 检 NF=8 全过；cut -f1 分布 20／11；git show HEAD:.decisions/ledger.tsv＝21 行（20 行数据，提交于 8825b0e）；工具名回退在 eaa8eb2 移除（git log -S PI_AGENT_NAME -- scripts/ledger.sh），e7f6de1 未触碰 scripts/ledger.sh——driver 记忆的 commit 位置有偏差	形态一致，无旧契约行需补注；「写入者 vs 决策人」哪个进 actor 栏需 driver 裁定。本批 4 行以 tpw-0929-scribe／run 20260929-01a0e6d2 写入
tpw-0929-scribe	20260929-01a0e6d2	run 20260929-01a0e6d2 · pane 布局第二次重建＋三层命名统一	P0	记下布局重建的做法与命名统一：pane 从纵向堆叠改为每 tab 最多 3 个、横向排列（tpw-0929-impl×3／tpw-0929-evidence×2／tpw-0929-oracle×1）；herdr、pi、intercom 三层会话名统一为 tpw-0929-<role>；重建 pane 之前先要求每个 worker 落 .pi/handoff/0929-*.md	重建 pane 会丢 worker 的会话上下文；先把上下文落到盘上，重建才可恢复——「重建前先落 handoff」是这一轮的调度纪律。三层命名不统一时，同一会话在 herdr／pi／intercom 里对不上号，出问题定位不到具体 pane	driver 报文（0929 轮续上，12:33Z）；盘上四个 handoff 的存在与 mtime 由我核对：.pi/handoff/0929-impl-checkers.md（20:29）、0929-impl-harness.md（20:28）、0929-impl-ledger.md（20:27）、0929-investigator.md（20:29）——均落在 pane 重建之前。布局与三处命名我无法从本会话观察，属 driver 陈述	已重建且四个 handoff 在盘上；「重建前先落 handoff」记为本轮调度纪律
tpw-0929-scribe	20260929-01a0e6d2	.pi/injection/ C22 注入坏替换串（driver 自述）· CHECK_COVERS	P5	记下 driver 自述的一处错：测 C22 时写的注入（把 C20 的 CHECK_COVERS 改成别的类目）替换串没匹配上、注入根本没生效，却把「没红」判成漏报——一条坏注入在测量账面上变成一条指控检查器缺陷的假证据	与独立复审攻破注入台（指纹护栏只证「树变了」、不证「缺陷引入了」）是同一个病，在 driver 自己的测试代码里复发；注入未生效与「检查器没抓到」在旧测量法下不可区分，这正是假漏报的生成机制	driver 报文自述；纠正后 5 条 C22 反例全红（driver 陈述，我未复跑）。工作树 .pi/injection/harness.py（20:27 版）头部纪律第 4 条「注入必须自证缺陷落地；probe 不成立＝注入无效，判 UNVERIFIED，绝不记成『检查器漏报』」与 :317 的 measure(mutate, probe) 即为此病的修复	已纠正；同病在测量工具的使用者侧再次复发。此错由 driver 自述，非我独立观察
tpw-0929-scribe	20260929-01a0e6d2	check-closure.py C21/C22 反例抽检（driver 执行，工作树版）	P5	记下新断言 C21／C22 的反例抽检由 driver 而非作者本人执行：C21 三条反例（删来源行／挂幽灵路径／串线）全红；C22 五条反例全红。这是本轮「新断言会在该红时红」第一次由非作者验证	「检查器存在」不等于「检查器在该红时会红」；作者自证容易与实现共享同一处盲区。非作者抽检是硬边界 1「提出候选的人不得给这个候选下结论」在检查器验证上的延伸	driver 报文自述（我未复跑）。工作树 scripts/check-closure.py 已有 C21（:1010 起：原则「来源：」行反查出的上游 id 集合须与 registry.sources 相等）与 C22（:1110 起：enforced 须绑定经 CHECK_COVERS 声明的同类目检查）。作者负对照台 /tmp/tpw-0929/controls.py 的 22 例（20:35 与 20:38 两次输出逐字一致）里 C21 三例（C1–C3）与 C22 F1–F7 共七例均按预期变红——C22 条数多于 driver 自述的五条，按盘上证据记七例	抽检通过（driver 自述 3＋5 例全红；作者台 C21 三例＋C22 七例全红）。两个缺口：证据落在 /tmp（易失），要留档须收进 .pi/；C21／C22 仍是工作树未提交改动，待收口复验
tpw-0929-scribe	20260929-01a0e6d2	更正 S1／S4 行：12aecf1（20:36）已提交先前待提交的全部改动 · .decisions/ledger.tsv	P5	更正同批前两行的仓库状态：我落笔期间，20:36 的 12aecf1 已把 11 行 A9（上一轮 scribe 写）连同 scripts/ledger.sh、docs/ledger.md、scripts/check-closure.py（含 C21／C22）、scripts/check-consistency.py、roles/architect.md、workflow/phases/P1.md、workflow/registry.yaml 一并提交。S1 的「11 行未提交」与 S4 的「C21／C22 仍是工作树未提交改动」都不再成立	台账行记的是「写那一刻」的状态，而本轮收口与我核对几乎同时发生——这两行落笔即旧。不改旧行、只追加更正，是只追加纪律的用例。另一个后果是好的：C21／C22 的反例抽检证据现在钉在一个真实 commit（12aecf1）上，不再挂在「工作树」这个漂移的指代上	git log --stat 12aecf1：.decisions/ledger.tsv +11、scripts/ledger.sh、scripts/check-closure.py +268、scripts/check-consistency.py、docs/ledger.md、roles/architect.md、workflow/phases/P1.md、workflow/registry.yaml；git show HEAD:scripts/check-closure.py 含 CHECK_COVERS（:154）与 r.add("C21")（:1051）、r.add("C22")（:1151）；git show HEAD:.decisions/ledger.tsv=32 行（20＋11 行数据）；本批追加后台账 36 行＝35 行数据（20＋11＋4），本更正行为第 36 行数据；commit 前后 e7f6de1 版台账的 21 行与 12aecf1 版前 21 行逐字相同（diff 空）	S1／S4 的未提交陈述以本行为准。12aecf1 之后工作树仍在改的是 docs/ledger.md 与 check-closure.py 新增（C21／C22 写进头部清单＋C15 未门控字段现算披露，代码注记 oracle 裁决 Q2）；本批共 5 行未提交。12aecf1 的内容（oracle Q1 选 c、P1 新增消费端判据、Q2）我未记——要进 A9 请 driver 给一条
